https://android.clients.google.com,128
https://www.pscp.tv,110
https://pps.whatsapp.net,118
https://messages.android.com,127
https://whatsapp.com,122
https://www.google.com,114
https://play.googleapis.com,131
https://centre1.com,99
https://api-37-0-0.twitter.com,130
https://livestream.com,116
https://www.psiphon3.com,43
https://www.cbsnews.com,104
https://www.oas.org,82
https://www.dw.com,99
https://www.liveleak.com,125
https://time.com,90
https://scontent-mxp1-1.cdninstagram.com,128
https://www.axios.com,112
https://dns.twnic.tw,22
https://doh.cleanbrowsing.org,24
https://pbs.twimg.com,134
https://www.occrp.org,95
https://arabic.sputniknews.com,97
https://www.netflix.com,137
https://mmg.whatsapp.net,127
https://hangouts.google.com,123
https://www.craigslist.org,52
https://getlantern.org,47
https://edition.cnn.com,86
https://runrun.es,86
https://www.youtube.com,133
https://www.weibo.com,22
https://edgetee-upload-lht6-1.xx.fbcdn.net:5223,125
https://www.change.org,94
https://imgur.com,95
https://www.bing.com,125
https://www.voanews.com,101
https://www.skype.com,122
https://vk.com,113
https://www.theindependent.co.zw,16
https://syndication.twitter.com,119
https://www.trtworld.com,95
https://www.hrw.org,93
https://mail.google.com,99
https://edgetee-upload-lht6-1.xx.fbcdn.net:5222,143
https://play.google.com,79
https://duckduckgo.com,63
https://eurasianet.org,100
https://medium.com,106
https://www.lemonde.fr,100
https://paper.li,91
https://www.wiktionary.org,102
https://twitter.com,123
https://www.tiktok.com,63
https://api.twitter.com,119
https://www.buzzfeed.com,104
https://www.wired.com,108
https://slate.com,84
https://telegram.org,136
https://cnnespanol.cnn.com,102
https://tinder.com,97
https://www.reuters.com,94
https://www.livejournal.com,62
https://dns.google.com,71
https://abs.twimg.com,137
https://www.theguardian.com,107
https://bitly.com,101
https://hola.org,33
https://www.mediafire.com,96
https://fi.wikipedia.org,5
https://www.independent.co.uk,98
https://t.co,96
https://www.malwaretech.com,104
https://qz.com,84
https://edge-mqtt-shv-02-frt3.facebook.com,136
https://www.wikipedia.org,97
https://www.csmonitor.com,108
https://venezuelaaidlive.com,16
https://www.noaa.gov,111
https://www.snapchat.com,134
https://m.me,136
https://scontent.xx.fbcdn.net,92
https://gtcp-na.twitter.com,141
https://media-vie1-1.cdn.whatsapp.net,132
https://v.whatsapp.net,132
https://rsf.org,79
https://slack.com,107
https://www.nbcnews.com,113
https://mullvad.net,34
https://www.pinterest.com,124
https://fbcdn.net,130
https://www.thedailybeast.com,97
https://www.messenger.com,140
https://www.whatsapp.com,115
https://amnesty.org.in,13
https://www.washingtonexaminer.com,90
https://www.uber.com,73
https://instagram.fath2-1.fna.fbcdn.net,112
https://www.jpost.com,94
https://cpj.org,96
https://es.wikipedia.org,106
https://redd.it,100
https://dns.quad9.net,31
https://www.linkedin.com,117
https://www.instagram.com,160
https://www.trt.net.tr,103
https://www.wsj.com,88
https://gab.com,23
https://fr.wikipedia.org,106
https://www.alhurra.com,86
https://rus.azattyk.org,10
https://eu.wikipedia.org,6
https://doh.powerdns.org,24
https://alerts.weather.gov,94
https://be-tarask.wikipedia.org,3
https://9.9.9.9,88
https://www.ipredator.se,39
https://mozilla.cloudflare-dns.com,88
https://doh.appliedprivacy.net,22
https://www.ethiotelecom.et,7
https://www.opera.com,109
https://www.washingtonpost.com,100
https://www.jamiiforums.com,88
https://mec.org.mw,13
https://graph.instagram.com,139
https://imo.im,112
https://web.archive.org,91
https://www.tse.org.gt,18
https://elpitazo.net,9
https://www.aljazeera.com,109
https://sputniknews.com,100
https://www.bpciran.com,43
https://www.hotspotshield.com,34
https://www.wikimedia.org,108
https://31.13.67.53:5223,7
https://krebsonsecurity.com,104
https://web.telegram.org,132
https://www.eldiario.es,110
https://video-edge-c2aea8.fra02.abs.hls.ttvnw.net,115
https://r1---sn-hgn7rne7.googlevideo.com,134
https://upload.twitter.com,112
https://signal.org,132
https://yandex.ru,116
https://www.bypasscensorship.org,101
https://connectivitycheck.gstatic.com,117
https://www.mashaalradio.com,11
https://www.lada.kz,14
https://www.almasryalyoum.com,20
https://commons.wikimedia.org,82
https://wikileaks.org,102
https://www.haaretz.com,91
https://web.whatsapp.com,119
https://soundcloud.com,113
https://dwstream4-lh.akamaihd.net,123
https://www.rferl.org,98
https://www.netlify.com,82
https://www.xbox.com,100
https://www.cameroonweb.com,17
https://i.imgur.com,82
https://voxer.com,60
https://mail.ru,123
https://www.gstatic.com,91
https://www.azirevpn.com,46
https://edgetee-upload-lht6-1.xx.fbcdn.net:443,113
https://www.bbc.com,92
https://tt.wikipedia.org,5
https://www.huffpost.com,90
https://dns.cloudflare.com,110
https://www.facebook.com,125
https://i.redd.it,96
https://www.svoboda.org,10
https://scontent-vie1-1.xx.fbcdn.net,125
https://www.vyprvpn.com,40
https://ton.twimg.com,114
https://www.flickr.com,92
https://windscribe.com,43
https://theintercept.com,85
https://instagram.fprg2-1.fna.fbcdn.net,105
https://video-weaver.fra02.hls.ttvnw.net,125
https://video-vie1-1.xx.fbcdn.net,104
https://zenmate.com,53
https://github.com,86
https://www.latestly.com,13
https://www.twitch.tv,120
https://vamosbien.com,10
https://i.reddit.com,83
https://republica.gt,18
https://lihkg.com,89
https://www.floridadisaster.org,7
https://www.periscope.tv,126
https://archive.org,43
https://j.mp,95
https://www.liveu.tv,138
https://www.reddit.com,89
https://www.apnews.com,88
https://www.tunnelbear.com,44
https://www.4chan.org,96
https://platform.twitter.com,109
https://netblocks.org,124
https://www.telesurtv.net,62
https://external-vie1-1.xx.fbcdn.net,118
https://app.tsunamidemocratic.cat,13
https://mms.whatsapp.net,22
https://www.scribd.com,11
https://www.zippyshare.com,24
https://static.xx.fbcdn.net,109
https://trumpetnews.co.ug,18
https://www.viber.com,119
https://wire.com,126
https://www.voachinese.com,15
https://www.nytimes.com,98
https://www.aljazeera.net,94
https://www.ohchr.org,99
https://eksisozluk.com,19
https://freedomhouse.org,107
https://getoutline.org,52
https://protonvpn.com,39
https://threema.ch,21
https://ok.ru,128
https://www.tigervpn.com,47
https://caps.twitter.com,117
https://chinadigitaltimes.net,16
https://www.gopetition.com,104
https://www.afp.com,95
https://www.wikidata.org,78
https://de.m.wikipedia.org,1
https://scemd.org,101
https://www.torproject.org,29
https://www.kik.com,47
https://ka.wikipedia.org,2
https://www.telesurenglish.net,10
https://video.twimg.com,98
https://pastebin.com,102
http://www.rfi.fr,14
https://time.kz,11
https://www.israelhayom.com,99
https://line.me,63
https://news.vice.com,97
https://www.tumblr.com,134
https://www.eltiempo.com,12
https://en.wikipedia.org,97
https://el.wikipedia.org,5
https://azb.wikipedia.org,6
https://caraotalibre.cf,18
https://calendar.google.com,89
https://translate.google.com,107
https://noticialdia.com,11
https://support.apple.com,20
https://www.monitor.co.ug,9
https://www.nrc.nl,14
https://www.iwacu-burundi.org,12
https://torguard.net,39
https://www.getoutline.org,40
https://www.purevpn.com,41
https://www.rfa.org,104
https://vlast.kz,2
https://www.the-village.kz,14
https://crimenessincastigo.blogspot.com,12
https://cryptostorm.is,42
https://www.blutv.com.tr,10
https://www.mozilla.org,97
https://dns.google,23
https://secure.hi5.com,33
https://www.google.co.ve,12
https://ca.wikipedia.org,18
https://mmg-fna.whatsapp.net,119
https://openvpn.net,45
https://nos.nl,95
https://edge-mqtt.facebook.com,60
https://www.amnesty.org,9
https://bit.ly,105
https://www.azatutyun.am,12
https://zh-min-nan.wikipedia.org,4
https://ast.wikipedia.org,10
https://www.theepochtimes.com,11
https://www.infobae.com,20
https://www.birgun.net,12
https://doh.dns.sb,21
https://getintra.org,58
https://en.wiktionary.org,96
https://nordvpn.com,50
https://www.alexa.com,13
https://it.wikipedia.org,5
http://phabahamas.org,2
https://adamdar.ca,15
https://almalnews.com,9
https://smex.org,22
https://akhbor.com,11
https://protonmail.com,100
https://www.azatliq.org,15
https://kloop.kg,5
https://fergana.agency,12
https://www.voathai.com,9
https://www.polygraph.info,88
https://chat.cdn.whatsapp.net:5223,4
https://prod-video-sa-east-1.pscp.tv,1
https://www.expressvpn.com,41
https://www.stpc.ir,24
https://www.apple.com,11
https://www.thestar.com,108
https://halktv.com.tr,7
https://www.ozodi.org,12
https://evtvmiami.com,12
https://mega.nz,26
https://kashfun.blogspot.com,15
https://almashhad.info,9
https://www.voacantonese.com,9
https://be.wikipedia.org,6
https://zh.wikipedia.org,8
https://www.opentech.fund,20
https://1.1.1.1,100
https://nl.wikipedia.org,3
https://ja.wikipedia.org,3
https://alnavio.com,6
https://cs.wikipedia.org,3
https://w3.web.whatsapp.com,2
https://www.amerikaovozi.com,14
https://en.arij.net,11
https://ta.wikipedia.org,7
https://public.dns.iij.jp,20
https://apply.opentech.fund,20
https://ru.wikipedia.org,7
https://itunes.apple.com,94
https://ichef.bbci.co.uk,13
http://www.president.ir,34
https://jv.wikipedia.org,2
https://pa.wikipedia.org,5
https://www.lapatilla.com,9
https://web.wechat.com,19
https://tr.wikipedia.org,14
https://www.radiosawa.com,21
https://ckb.wikipedia.org,5
https://puhutv.com,9
https://thestandnews.com,11
https://www.voatiengviet.com,10
https://ar.wikipedia.org,103
https://www.tahrirnews.com,13
https://mobile.camerounweb.com,6
https://kaztag.kz,13
https://support.google.com,49
https://www.azathabar.com,9
https://www.iqiyi.com,15
https://hy.wikipedia.org,5
https://www.masrawy.com,14
https://madamasr.com,6
https://pa.azadiradio.com,15
https://www.irk.ru,13
https://www.privateinternetaccess.com,46
https://chatman-replay-ap-northeast-1.pscp.tv,2
https://www.discuss.com.hk,8
https://www.baidu.com,32
https://divar.ir,4
https://www.tencent.com,11
https://ky.wikipedia.org,4
https://dissenter.com,8
https://lv.wikipedia.org,6
https://e2.whatsapp.net,5
https://www.huawei.com,7
https://teyit.org,7
https://www.vpitv.com,14
https://te.wikipedia.org,7
https://rus.azatutyun.am,11
https://www.africanews.com,18
https://bianet.org,16
https://www.albawaba.com,8
https://kk.wikipedia.org,3
https://ceb.wikipedia.org,7
https://camerounweb.fr,8
https://nioc.ir,30
https://ba.wikipedia.org,6
https://tsunamidemocratic.cat,13
https://elmashhad.net,9
https://tl.wikipedia.org,7
https://ne.wikipedia.org,4
https://habarirdc.net,9
https://31.13.67.53:5222,7
https://www.elfagr.com,10
https://www.aa.com.tr,32
https://ml.wikipedia.org,5
https://cn.uber.com,1
https://geo-frontends-dca1.uber.com,2
https://experience.uber.com,2
https://jobs.uber.com,1
https://api.uber.com,1
https://gi.uber.com,1
https://voice.uber.com,1
https://maps.uber.com,1
https://tools.uber.com,1
https://email.uber.com,1
https://sandman.uber.com,1
https://central.uber.com,1
https://image.et.uber.com,1
https://cn-sjc1.cfe.uber.com,1
https://geo1.cfe.uber.com,1
https://help.uber.com,1
https://ohmylog.uber.com,1
https://vehicle-solutions.uber.com,1
https://plus.uber.com,1
https://design.uber.com,1
https://click.uber.com,1
https://lost.uber.com,2
https://devbuilds.uber.com,1
https://p2.uber.com,2
https://beacon.uber.com,1
https://get.uber.com,1
https://track.uber.com,1
https://www.khabaronline.ir,3
https://rush.uber.com,1
https://eats.uber.com,1
https://code.uber.com,1
https://view.et.uber.com,1
https://bloodhound.uber.com,1
https://fiona.uber.com,1
https://blackswan.uber.com,1
https://video.uber.com,2
https://www.voanoticias.com,21
https://ethsat.com,6
https://www.independent.co.ug,10
https://www.firstpost.com,9
https://www.voaindonesia.com,8
https://sk.wikipedia.org,3
https://brave.com,13
https://da.azadiradio.com,7
https://www.7iber.com,10
https://informburo.kz,12
https://reporterosdeinvestigacion.com,10
https://vi.wikipedia.org,1
https://pl.wikipedia.org,3
https://www.azattyk.org,17
https://ur.wikipedia.org,2
https://si.wikipedia.org,5
https://almesryoon.com,14
https://www.dailynews.co.zw,6
https://www.thestandard.co.zw,12
https://www.voluntadpopular.com,5
https://8ch.net,10
https://br.wikipedia.org,3
https://www.voakorea.com,6
https://arabicpost.net,12
https://www.thehindu.com,12
https://tsunamidemocratic.github.io,19
https://petities.nl,16
https://ro.wikipedia.org,8
https://www.middleeasteye.net,11
https://rus.ozodi.org,12
https://sl.wikipedia.org,3
https://rus.azattyq.org,13
https://turk.net,13
https://www.statehouse.go.ug,17
https://zh-classical.wikipedia.org,3
https://maibort-petit.blogspot.com,12
https://sonuc.ysk.gov.tr,6
https://cloudflare-dns.com,15
https://zh-yue.wikipedia.org,1
https://maduradas.com,16
https://www.hkgolden.com,3
https://fy.wikipedia.org,3
https://medyascope.tv,15
https://e1.whatsapp.net,12
https://www.tsa-algerie.com,9
https://g.whatsapp.net:5222,7
https://un.org,18
https://war.wikipedia.org,2
https://www.confirmado.org,9
https://24.kg,5
https://electoralsearch.in,6
https://www.amazon.com,10
https://mn.wikipedia.org,6
https://rudaw.net,8
https://gu.wikipedia.org,4
https://da.wikipedia.org,9
https://www.svaboda.org,9
https://de.wikipedia.org,2
https://www.azattyq.org,14
https://no.wikipedia.org,5
https://www.prensalibre.com,12
https://simple.wikipedia.org,3
https://mobile.cameroonweb.com,9
https://w1.web.whatsapp.com,3
https://www.caracaschronicles.com,8
https://ms.wikipedia.org,2
https://hu.wikipedia.org,4
https://embed.pscp.tv,3
https://africanarguments.org,9
https://nds.wikipedia.org,6
https://www.voabangla.com,9
https://americanrepertorytheater.org,9
https://operacionlibertad.org,8
https://bg.wikipedia.org,3
https://www.clarin.com,7
https://bs.wikipedia.org,4
https://www.camerounweb.com,14
https://az.wikipedia.org,2
https://www.ekremimamoglu.com,6
https://chat.cdn.whatsapp.net:5222,3
https://arabicpost.com,13
https://uk.wikipedia.org,5
https://news.tj,10
https://prod-video-us-west-2.pscp.tv,2
https://globovision.com,2
https://km.wikipedia.org,5
https://oc.wikipedia.org,7
https://hi.m.wikipedia.org,1
https://elmashhad.com,7
https://gandhara.rferl.org,12
https://ko.wikipedia.org,6
https://dailykashmirtimes.com.pk,12
https://sh.wikipedia.org,7
https://fa.wikipedia.org,3
https://www.azadliq.org,5
https://id.wikipedia.org,5
https://prod-chatman-ancillary-us-west-2.pscp.tv,1
https://et.wikipedia.org,5
https://nl.m.wikipedia.org,1
https://eo.wikipedia.org,1
https://kn.wikipedia.org,5
https://www.sozcu.com.tr,3
https://hr.wikipedia.org,4
https://www.softpower.ug,5
https://lt.wikipedia.org,4
https://endondevotas.tse.org.gt,10
https://gl.wikipedia.org,3
https://chatman-replay-us-east-1.pscp.tv,2
https://bar.wikipedia.org,3
https://ipysvenezuela.org,2
https://www.ozodlik.org,4
https://la.wikipedia.org,3
https://uz.wikipedia.org,4
https://www.breitbart.com,9
https://embajadavenezuela.org,1
https://e1.whatsapp.net:5222,11
https://www.radiosvoboda.org,14
https://prod-video-ap-northeast-2.pscp.tv,2
https://gl.m.wikipedia.org,1
https://g.whatsapp.net:5223,6
http://efectococuyo.com,2
https://www.vetogate.com,7
https://observer.ug,12
https://m.bianet.org,5
https://my.m.wikipedia.org,1
https://als.wikipedia.org,1
https://prod-video-eu-west-1.pscp.tv,1
https://an.wikipedia.org,6
https://www.laprensa.com.ni,9
https://thenewdawnliberia.com,4
https://vivoplay.net,4
https://sco.wikipedia.org,6
https://as.wikipedia.org,4
https://bn.wikipedia.org,5
https://so.wikipedia.org,7
https://vi.m.wikipedia.org,1
https://holanews.kz,3
https://pt.wikipedia.org,2
https://ga.wikipedia.org,4
https://www.ntn24.com,4
https://assets.pscp.tv,2
https://lb.m.wikipedia.org,1
https://bar.m.wikipedia.org,3
https://sv.wikipedia.org,2
https://ast.m.wikipedia.org,1
https://sq.wikipedia.org,4
https://th.wikipedia.org,3
https://prod-video-ap-southeast-2.pscp.tv,3
https://tw.iqiyi.com,1
https://prod-video-us-east-1.pscp.tv,1
https://instagram.fist1-1.fna.fbcdn.net,8
https://zh-yue.m.wikipedia.org,2
https://www.aporrea.org,1
https://us.embajadavenezuela.org,1
https://riders.uber.com,1
https://sao.uber.com,1
https://p.uber.com,1
https://m2.uber.com,1
https://photo.uber.com,1
https://geo-frontends-sjc1.uber.com,1
https://frontends-geo.uber.com,1
https://chronicle.uber.com,1
https://developer.uber.com,1
https://clients.uber.com,1
https://frontends.uber.com,1
https://events.uber.com,1
https://azkaban.uber.com,1
https://free.uber.com,1
https://privacy.uber.com,1
https://careers.uber.com,1
https://pages.et.uber.com,1
https://orion.uber.com,1
https://product-platform.uber.com,1
https://profiles.uber.com,1
https://engdocs.uber.com,1
https://cn-dca1.uber.com,1
https://uber.com,1
https://trip-dc2.uber.com,1
https://cn-sjc1.uber.com,1
https://log.uber.com,1
https://verify.uber.com,1
https://traffic.uber.com,1
https://login.uber.com,1
https://sync.uber.com,1
https://frontends-dca1.uber.com,1
https://hi.wikipedia.org,3
https://dyn.web.whatsapp.com,2
https://e3.whatsapp.net,6
https://shaparak.ir,2
https://mr.wikipedia.org,2
https://sw.wikipedia.org,2
https://channels.pscp.tv,1
https://prod-video-us-west-1.pscp.tv,1
https://da.m.wikipedia.org,2
https://lb.wikipedia.org,3
https://pl.m.wikipedia.org,1
https://ba.m.wikipedia.org,1
https://ko.m.wikipedia.org,1
https://cy.wikipedia.org,3
https://it.m.wikipedia.org,3
https://azb.m.wikipedia.org,1
https://chatman-replay-eu-central-1.pscp.tv,1
https://zh-min-nan.m.wikipedia.org,2
https://uk.m.wikipedia.org,1
https://be.m.wikipedia.org,1
https://lv.m.wikipedia.org,1
https://prod-video-eu-central-1.pscp.tv,2
https://proxsee.pscp.tv,1
https://sh.m.wikipedia.org,1
https://hr.m.wikipedia.org,1
https://www.ashoka.org,1
https://ro.m.wikipedia.org,2
https://ne.m.wikipedia.org,2
https://arz.wikipedia.org,2
https://ru.m.wikipedia.org,1
https://bn.m.wikipedia.org,1
https://as.m.wikipedia.org,1
https://pt.m.wikipedia.org,1
https://ceb.m.wikipedia.org,1
https://prod-video-ap-southeast-1.pscp.tv,1
https://af.wikipedia.org,1
http://roots1027fm.com,2
https://mk.wikipedia.org,1
https://is.wikipedia.org,1